context_id	context	atlas_use	selection_status	source_selection_rationale	biological_replicate	technical_run	run_accession	experiment_accession	sample_or_gsm	sample_title	geo_series	study_accession	bioproject	library_layout	spots_millions	fastq_total_GB	fastq_r1_url	fastq_r2_url	fastq_r1_md5	fastq_r2_md5	paper_doi	paper_url	chipatlas_bigwig_url	chipatlas_bed05_url	peak_count_bed05	peak_union_bp	peak_union_fraction_canonical	snr_proxy_peak_to_matched_background	estimated_signal_fraction_in_peak_union	sampled_peak_windows	sampled_background_windows	replicate_pearson_log1p_5kb	qc_method	qc_date	alternatives_evaluated	caveats
E5	embryo stage 5 / 2-4h	yes	selected	Selected matched DGRP-399 time-course; two biological replicates and very high processed-track concordance.	1	1	ERR3975804	ERX3978762	SAMEA6605150	399_24h_rep1_ATAC_p		ERP120385	PRJEB37088	PAIRED	13.0	1.458	https://ftp.sra.ebi.ac.uk/vol1/fastq/ERR397/004/ERR3975804/ERR3975804_1.fastq.gz	https://ftp.sra.ebi.ac.uk/vol1/fastq/ERR397/004/ERR3975804/ERR3975804_2.fastq.gz	3ac491e892c419f7955a614714aedbab	faf68757dc801653679e97d1fbad8496	10.1101/gr.266338.120	https://doi.org/10.1101/gr.266338.120	https://chip-atlas.dbcls.jp/data/dm6/eachData/bw/ERX3978762.bw	https://chip-atlas.dbcls.jp/data/dm6/eachData/bed05/ERX3978762.05.bed	7249	3026700	0.0220047	10.7055	0.194115	400	400	0.992764	ChIP-Atlas dm6 BigWig plus MACS2 q<1e-5 BED; deterministic 400 merged-peak windows versus up to 400 length-matched shifted nonpeak windows; signal-fraction estimate uses sampled means and canonical-chromosome peak-union coverage; replicate Pearson uses log1p signal in 500 shared 5-kb windows. Proxy only: not formal FRiP/NSC/RSC.	2026-07-09	none with an equally close biological match	selected
E5	embryo stage 5 / 2-4h	yes	selected	Selected matched DGRP-399 time-course; two biological replicates and very high processed-track concordance.	1	2	ERR3975777	ERX3978762	SAMEA6605150	399_24h_rep1_ATAC_p		ERP120385	PRJEB37088	PAIRED	11.8	1.308	https://ftp.sra.ebi.ac.uk/vol1/fastq/ERR397/007/ERR3975777/ERR3975777_1.fastq.gz	https://ftp.sra.ebi.ac.uk/vol1/fastq/ERR397/007/ERR3975777/ERR3975777_2.fastq.gz	8bf2eaaaec2866b05d607b0d74eca8a7	6539dd03657a4acb56571484f649d7b6	10.1101/gr.266338.120	https://doi.org/10.1101/gr.266338.120	https://chip-atlas.dbcls.jp/data/dm6/eachData/bw/ERX3978762.bw	https://chip-atlas.dbcls.jp/data/dm6/eachData/bed05/ERX3978762.05.bed	7249	3026700	0.0220047	10.7055	0.194115	400	400	0.992764	ChIP-Atlas dm6 BigWig plus MACS2 q<1e-5 BED; deterministic 400 merged-peak windows versus up to 400 length-matched shifted nonpeak windows; signal-fraction estimate uses sampled means and canonical-chromosome peak-union coverage; replicate Pearson uses log1p signal in 500 shared 5-kb windows. Proxy only: not formal FRiP/NSC/RSC.	2026-07-09	none with an equally close biological match	same experiment/technical run for selected biological replicate
E5	embryo stage 5 / 2-4h	yes	selected	Selected matched DGRP-399 time-course; two biological replicates and very high processed-track concordance.	2	1	ERR3975789	ERX3978771	SAMEA6605159	399_24h_rep2_ATAC_p		ERP120385	PRJEB37088	PAIRED	13.8	1.578	https://ftp.sra.ebi.ac.uk/vol1/fastq/ERR397/009/ERR3975789/ERR3975789_1.fastq.gz	https://ftp.sra.ebi.ac.uk/vol1/fastq/ERR397/009/ERR3975789/ERR3975789_2.fastq.gz	82d908089fefbdf604d53c37111bd1ef	96a37948fd47e6dad7d4a502760b7e3a	10.1101/gr.266338.120	https://doi.org/10.1101/gr.266338.120	https://chip-atlas.dbcls.jp/data/dm6/eachData/bw/ERX3978771.bw	https://chip-atlas.dbcls.jp/data/dm6/eachData/bed05/ERX3978771.05.bed	5170	2398859	0.0174402	10.9753	0.163046	400	400	0.992764	ChIP-Atlas dm6 BigWig plus MACS2 q<1e-5 BED; deterministic 400 merged-peak windows versus up to 400 length-matched shifted nonpeak windows; signal-fraction estimate uses sampled means and canonical-chromosome peak-union coverage; replicate Pearson uses log1p signal in 500 shared 5-kb windows. Proxy only: not formal FRiP/NSC/RSC.	2026-07-09	none with an equally close biological match	recommended replicate/same-context run
E11	embryo stage 11 / 6-8h	yes	selected	Selected matched DGRP-399 time-course; two biological replicates and very high processed-track concordance.		1	ERR3975761	ERX3978749	SAMEA6605137	399_68h_rep1_ATAC_p		ERP120385	PRJEB37088	PAIRED	12.8	1.489	https://ftp.sra.ebi.ac.uk/vol1/fastq/ERR397/001/ERR3975761/ERR3975761_1.fastq.gz	https://ftp.sra.ebi.ac.uk/vol1/fastq/ERR397/001/ERR3975761/ERR3975761_2.fastq.gz	72e56f63c176f85967fc4abb7c48e2a5	eee6de17df953c5ba7216ad9e5807a1d	10.1101/gr.266338.120	https://doi.org/10.1101/gr.266338.120	https://chip-atlas.dbcls.jp/data/dm6/eachData/bw/ERX3978749.bw	https://chip-atlas.dbcls.jp/data/dm6/eachData/bed05/ERX3978749.05.bed	6993	2800611	0.020361	17.4461	0.26611	400	400	0.988776	ChIP-Atlas dm6 BigWig plus MACS2 q<1e-5 BED; deterministic 400 merged-peak windows versus up to 400 length-matched shifted nonpeak windows; signal-fraction estimate uses sampled means and canonical-chromosome peak-union coverage; replicate Pearson uses log1p signal in 500 shared 5-kb windows. Proxy only: not formal FRiP/NSC/RSC.	2026-07-09	none with an equally close biological match	selected
E11	embryo stage 11 / 6-8h	yes	selected	Selected matched DGRP-399 time-course; two biological replicates and very high processed-track concordance.		1	ERR3975754	ERX3978744	SAMEA6605132	399_68h_rep2_ATAC_p		ERP120385	PRJEB37088	PAIRED	17.9	2.093	https://ftp.sra.ebi.ac.uk/vol1/fastq/ERR397/004/ERR3975754/ERR3975754_1.fastq.gz	https://ftp.sra.ebi.ac.uk/vol1/fastq/ERR397/004/ERR3975754/ERR3975754_2.fastq.gz	2a58dc859ac499c68d732741b4d3f761	cd9ea4dfdf6d8107e7826863963c4b0b	10.1101/gr.266338.120	https://doi.org/10.1101/gr.266338.120	https://chip-atlas.dbcls.jp/data/dm6/eachData/bw/ERX3978744.bw	https://chip-atlas.dbcls.jp/data/dm6/eachData/bed05/ERX3978744.05.bed	6391	3158991	0.0229665	12.0253	0.220377	400	400	0.988776	ChIP-Atlas dm6 BigWig plus MACS2 q<1e-5 BED; deterministic 400 merged-peak windows versus up to 400 length-matched shifted nonpeak windows; signal-fraction estimate uses sampled means and canonical-chromosome peak-union coverage; replicate Pearson uses log1p signal in 500 shared 5-kb windows. Proxy only: not formal FRiP/NSC/RSC.	2026-07-09	none with an equally close biological match	recommended replicate/same-context run
E13	embryo stage 13 / 10-12h	yes	selected	Selected matched DGRP-399 time-course; two biological replicates and very high processed-track concordance.		1	ERR3975767	ERX3978754	SAMEA6605142	399_1012h_rep1_ATAC_p		ERP120385	PRJEB37088	PAIRED	14.1	1.677	https://ftp.sra.ebi.ac.uk/vol1/fastq/ERR397/007/ERR3975767/ERR3975767_1.fastq.gz	https://ftp.sra.ebi.ac.uk/vol1/fastq/ERR397/007/ERR3975767/ERR3975767_2.fastq.gz	df912236eecf95c288b87c7590281679	7ba5d69e01b07466765a5f09dff5bae8	10.1101/gr.266338.120	https://doi.org/10.1101/gr.266338.120	https://chip-atlas.dbcls.jp/data/dm6/eachData/bw/ERX3978754.bw	https://chip-atlas.dbcls.jp/data/dm6/eachData/bed05/ERX3978754.05.bed	9244	3717631	0.0270279	12.7694	0.261839	400	400	0.981251	ChIP-Atlas dm6 BigWig plus MACS2 q<1e-5 BED; deterministic 400 merged-peak windows versus up to 400 length-matched shifted nonpeak windows; signal-fraction estimate uses sampled means and canonical-chromosome peak-union coverage; replicate Pearson uses log1p signal in 500 shared 5-kb windows. Proxy only: not formal FRiP/NSC/RSC.	2026-07-09	none with an equally close biological match	selected
E13	embryo stage 13 / 10-12h	yes	selected	Selected matched DGRP-399 time-course; two biological replicates and very high processed-track concordance.		1	ERR3975735	ERX3978726	SAMEA6605114	399_1012h_rep2_ATAC_p		ERP120385	PRJEB37088	PAIRED	17.8	2.129	https://ftp.sra.ebi.ac.uk/vol1/fastq/ERR397/005/ERR3975735/ERR3975735_1.fastq.gz	https://ftp.sra.ebi.ac.uk/vol1/fastq/ERR397/005/ERR3975735/ERR3975735_2.fastq.gz	750c191da33c98746c78e585b13803bd	4f171e8af783482109d9d88318f3006d	10.1101/gr.266338.120	https://doi.org/10.1101/gr.266338.120	https://chip-atlas.dbcls.jp/data/dm6/eachData/bw/ERX3978726.bw	https://chip-atlas.dbcls.jp/data/dm6/eachData/bed05/ERX3978726.05.bed	8067	4001649	0.0290928	9.69297	0.225074	400	400	0.981251	ChIP-Atlas dm6 BigWig plus MACS2 q<1e-5 BED; deterministic 400 merged-peak windows versus up to 400 length-matched shifted nonpeak windows; signal-fraction estimate uses sampled means and canonical-chromosome peak-union coverage; replicate Pearson uses log1p signal in 500 shared 5-kb windows. Proxy only: not formal FRiP/NSC/RSC.	2026-07-09	none with an equally close biological match	recommended replicate/same-context run
HID	haltere imaginal disc	yes	selected	Selected exact unsorted haltere pair; strong signal enrichment and high replicate concordance.	1	1	SRR13700624	SRX10089737	GSM5079546	ATAC_haltere_unsorted_rep1	166714	SRP306242	PRJNA701668	PAIRED	27.4	1.252	https://ftp.sra.ebi.ac.uk/vol1/fastq/SRR137/024/SRR13700624/SRR13700624_1.fastq.gz	https://ftp.sra.ebi.ac.uk/vol1/fastq/SRR137/024/SRR13700624/SRR13700624_2.fastq.gz	7c91d335f855bf28fe86717ce171afae	ea6d1e73c80214e049c56d67cbad7b43			https://chip-atlas.dbcls.jp/data/dm6/eachData/bw/SRX10089737.bw	https://chip-atlas.dbcls.jp/data/dm6/eachData/bed05/SRX10089737.05.bed	15842	3435381	0.0249759	14.6687	0.273123	400	400	0.986359	ChIP-Atlas dm6 BigWig plus MACS2 q<1e-5 BED; deterministic 400 merged-peak windows versus up to 400 length-matched shifted nonpeak windows; signal-fraction estimate uses sampled means and canonical-chromosome peak-union coverage; replicate Pearson uses log1p signal in 500 shared 5-kb windows. Proxy only: not formal FRiP/NSC/RSC.	2026-07-09	none with an equally close biological match	recommended replicate/same-context run
HID	haltere imaginal disc	yes	selected	Selected exact unsorted haltere pair; strong signal enrichment and high replicate concordance.	2	1	SRR13700625	SRX10089738	GSM5079547	ATAC_haltere_unsorted_rep2	166714	SRP306242	PRJNA701668	PAIRED	36.9	1.663	https://ftp.sra.ebi.ac.uk/vol1/fastq/SRR137/025/SRR13700625/SRR13700625_1.fastq.gz	https://ftp.sra.ebi.ac.uk/vol1/fastq/SRR137/025/SRR13700625/SRR13700625_2.fastq.gz	75010a4b3d0970527b7a9607104fa6dc	1d15808c00deda6a01ff23e489f24293			https://chip-atlas.dbcls.jp/data/dm6/eachData/bw/SRX10089738.bw	https://chip-atlas.dbcls.jp/data/dm6/eachData/bed05/SRX10089738.05.bed	16262	3222331	0.023427	11.9686	0.223068	400	400	0.986359	ChIP-Atlas dm6 BigWig plus MACS2 q<1e-5 BED; deterministic 400 merged-peak windows versus up to 400 length-matched shifted nonpeak windows; signal-fraction estimate uses sampled means and canonical-chromosome peak-union coverage; replicate Pearson uses log1p signal in 500 shared 5-kb windows. Proxy only: not formal FRiP/NSC/RSC.	2026-07-09	none with an equally close biological match	selected
EAD	eye / eye-antennal disc	yes	selected	Selected three A4 tissue-matched replicates; high concordance and consistent peak signal.	2	1	SRR15888034	SRX12178880	Drosophila melanogaster - UCI	Sample_A4_ED_2		SRP337014	PRJNA761571	PAIRED	34.7	2.283	https://ftp.sra.ebi.ac.uk/vol1/fastq/SRR158/034/SRR15888034/SRR15888034_1.fastq.gz	https://ftp.sra.ebi.ac.uk/vol1/fastq/SRR158/034/SRR15888034/SRR15888034_2.fastq.gz	3fde46bce5f418893c6be44a9477436f	22bde404070d7158c7edaae8a1ec7589	10.1371/journal.pgen.1010439	https://doi.org/10.1371/journal.pgen.1010439	https://chip-atlas.dbcls.jp/data/dm6/eachData/bw/SRX12178880.bw	https://chip-atlas.dbcls.jp/data/dm6/eachData/bed05/SRX12178880.05.bed	18342	3763047	0.0273581	11.4597	0.243762	400	400	0.993214	ChIP-Atlas dm6 BigWig plus MACS2 q<1e-5 BED; deterministic 400 merged-peak windows versus up to 400 length-matched shifted nonpeak windows; signal-fraction estimate uses sampled means and canonical-chromosome peak-union coverage; replicate Pearson uses log1p signal in 500 shared 5-kb windows. Proxy only: not formal FRiP/NSC/RSC.	2026-07-09	none with an equally close biological match	recommended replicate/same-context run
EAD	eye / eye-antennal disc	yes	selected	Selected three A4 tissue-matched replicates; high concordance and consistent peak signal.	3	1	SRR15888024	SRX12178890	Drosophila melanogaster - UCI	Sample_A4_ED_3		SRP337014	PRJNA761571	PAIRED	51.2	3.396	https://ftp.sra.ebi.ac.uk/vol1/fastq/SRR158/024/SRR15888024/SRR15888024_1.fastq.gz	https://ftp.sra.ebi.ac.uk/vol1/fastq/SRR158/024/SRR15888024/SRR15888024_2.fastq.gz	8a95ec93271ff78cfaa7181c8bbc777c	7a632b1d7b33ed01c8927599bb110ce4	10.1371/journal.pgen.1010439	https://doi.org/10.1371/journal.pgen.1010439	https://chip-atlas.dbcls.jp/data/dm6/eachData/bw/SRX12178890.bw	https://chip-atlas.dbcls.jp/data/dm6/eachData/bed05/SRX12178890.05.bed	21178	3739775	0.0271889	11.0274	0.235593	400	400	0.992644	ChIP-Atlas dm6 BigWig plus MACS2 q<1e-5 BED; deterministic 400 merged-peak windows versus up to 400 length-matched shifted nonpeak windows; signal-fraction estimate uses sampled means and canonical-chromosome peak-union coverage; replicate Pearson uses log1p signal in 500 shared 5-kb windows. Proxy only: not formal FRiP/NSC/RSC.	2026-07-09	none with an equally close biological match	recommended replicate/same-context run
EAD	eye / eye-antennal disc	yes	selected	Selected three A4 tissue-matched replicates; high concordance and consistent peak signal.	4	1	SRR15888109	SRX12178805	Drosophila melanogaster - UCI	Sample_A4_ED_4		SRP337014	PRJNA761571	PAIRED	50.7	3.315	https://ftp.sra.ebi.ac.uk/vol1/fastq/SRR158/009/SRR15888109/SRR15888109_1.fastq.gz	https://ftp.sra.ebi.ac.uk/vol1/fastq/SRR158/009/SRR15888109/SRR15888109_2.fastq.gz	74050100f378d9e2dfd6d30cf776edbb	1e20a014804c4cf7280fe5f6abce78bb	10.1371/journal.pgen.1010439	https://doi.org/10.1371/journal.pgen.1010439	https://chip-atlas.dbcls.jp/data/dm6/eachData/bw/SRX12178805.bw	https://chip-atlas.dbcls.jp/data/dm6/eachData/bed05/SRX12178805.05.bed	19963	3734525	0.0271507	12.5575	0.259512	400	400	0.993972	ChIP-Atlas dm6 BigWig plus MACS2 q<1e-5 BED; deterministic 400 merged-peak windows versus up to 400 length-matched shifted nonpeak windows; signal-fraction estimate uses sampled means and canonical-chromosome peak-union coverage; replicate Pearson uses log1p signal in 500 shared 5-kb windows. Proxy only: not formal FRiP/NSC/RSC.	2026-07-09	none with an equally close biological match	selected
AB	adult brain / CNS	yes	selected	Selected three adult-brain A6 replicates; tissue match outweighs genotype differences to H3K27ac/contact sources.	1	1	SRR15888022	SRX12178892	Drosophila melanogaster - UCI	Sample_A6_BR_1		SRP337014	PRJNA761571	PAIRED	36.9	2.395	https://ftp.sra.ebi.ac.uk/vol1/fastq/SRR158/022/SRR15888022/SRR15888022_1.fastq.gz	https://ftp.sra.ebi.ac.uk/vol1/fastq/SRR158/022/SRR15888022/SRR15888022_2.fastq.gz	27b0c0b393c77bf58a7d2fcebce8987f	71543927b56f4a444fe878d40b716587	10.1371/journal.pgen.1010439	https://doi.org/10.1371/journal.pgen.1010439	https://chip-atlas.dbcls.jp/data/dm6/eachData/bw/SRX12178892.bw	https://chip-atlas.dbcls.jp/data/dm6/eachData/bed05/SRX12178892.05.bed	14897	2551542	0.0185502	11.8337	0.182784	400	400	0.979885	ChIP-Atlas dm6 BigWig plus MACS2 q<1e-5 BED; deterministic 400 merged-peak windows versus up to 400 length-matched shifted nonpeak windows; signal-fraction estimate uses sampled means and canonical-chromosome peak-union coverage; replicate Pearson uses log1p signal in 500 shared 5-kb windows. Proxy only: not formal FRiP/NSC/RSC.	2026-07-09	none with an equally close biological match	recommended replicate/same-context run
AB	adult brain / CNS	yes	selected	Selected three adult-brain A6 replicates; tissue match outweighs genotype differences to H3K27ac/contact sources.	2	1	SRR15888107	SRX12178807	Drosophila melanogaster - UCI	Sample_A6_BR_2		SRP337014	PRJNA761571	PAIRED	31.1	2.028	https://ftp.sra.ebi.ac.uk/vol1/fastq/SRR158/007/SRR15888107/SRR15888107_1.fastq.gz	https://ftp.sra.ebi.ac.uk/vol1/fastq/SRR158/007/SRR15888107/SRR15888107_2.fastq.gz	83df160ffa0d57e72edb7e9afb7146c4	3a1e45818dca12bd355e6524dd275301	10.1371/journal.pgen.1010439	https://doi.org/10.1371/journal.pgen.1010439	https://chip-atlas.dbcls.jp/data/dm6/eachData/bw/SRX12178807.bw	https://chip-atlas.dbcls.jp/data/dm6/eachData/bed05/SRX12178807.05.bed	15385	2876440	0.0209123	10.6108	0.184761	400	400	0.984467	ChIP-Atlas dm6 BigWig plus MACS2 q<1e-5 BED; deterministic 400 merged-peak windows versus up to 400 length-matched shifted nonpeak windows; signal-fraction estimate uses sampled means and canonical-chromosome peak-union coverage; replicate Pearson uses log1p signal in 500 shared 5-kb windows. Proxy only: not formal FRiP/NSC/RSC.	2026-07-09	none with an equally close biological match	selected
AB	adult brain / CNS	yes	selected	Selected three adult-brain A6 replicates; tissue match outweighs genotype differences to H3K27ac/contact sources.	3	1	SRR15888097	SRX12178817	Drosophila melanogaster - UCI	Sample_A6_BR_3		SRP337014	PRJNA761571	PAIRED	43.7	2.844	https://ftp.sra.ebi.ac.uk/vol1/fastq/SRR158/097/SRR15888097/SRR15888097_1.fastq.gz	https://ftp.sra.ebi.ac.uk/vol1/fastq/SRR158/097/SRR15888097/SRR15888097_2.fastq.gz	f43b14a528b95441f17a9863c87b2861	b02d68403a7ba63baceeec10d1bc81ba	10.1371/journal.pgen.1010439	https://doi.org/10.1371/journal.pgen.1010439	https://chip-atlas.dbcls.jp/data/dm6/eachData/bw/SRX12178817.bw	https://chip-atlas.dbcls.jp/data/dm6/eachData/bed05/SRX12178817.05.bed	18328	3594868	0.0261354	12.3865	0.249482	400	400	0.977102	ChIP-Atlas dm6 BigWig plus MACS2 q<1e-5 BED; deterministic 400 merged-peak windows versus up to 400 length-matched shifted nonpeak windows; signal-fraction estimate uses sampled means and canonical-chromosome peak-union coverage; replicate Pearson uses log1p signal in 500 shared 5-kb windows. Proxy only: not formal FRiP/NSC/RSC.	2026-07-09	none with an equally close biological match	recommended replicate/same-context run
O	ovary	yes	selected	Selected three whole-ovary B2 replicates; high concordance; H3K27ac remains a germ-cell proxy.	1	1	SRR15888018	SRX12178896	Drosophila melanogaster - UCI	Sample_B2_OV_1		SRP337014	PRJNA761571	PAIRED	36.7	2.458	https://ftp.sra.ebi.ac.uk/vol1/fastq/SRR158/018/SRR15888018/SRR15888018_1.fastq.gz	https://ftp.sra.ebi.ac.uk/vol1/fastq/SRR158/018/SRR15888018/SRR15888018_2.fastq.gz	6e12bf9af57656a41475af7dba1ce69c	f2748922bf2c14c224049988a1239671	10.1371/journal.pgen.1010439	https://doi.org/10.1371/journal.pgen.1010439	https://chip-atlas.dbcls.jp/data/dm6/eachData/bw/SRX12178896.bw	https://chip-atlas.dbcls.jp/data/dm6/eachData/bed05/SRX12178896.05.bed	12502	4811972	0.034984	10.1647	0.269269	400	400	0.991039	ChIP-Atlas dm6 BigWig plus MACS2 q<1e-5 BED; deterministic 400 merged-peak windows versus up to 400 length-matched shifted nonpeak windows; signal-fraction estimate uses sampled means and canonical-chromosome peak-union coverage; replicate Pearson uses log1p signal in 500 shared 5-kb windows. Proxy only: not formal FRiP/NSC/RSC.	2026-07-09	none with an equally close biological match	recommended replicate/same-context run
O	ovary	yes	selected	Selected three whole-ovary B2 replicates; high concordance; H3K27ac remains a germ-cell proxy.	2	1	SRR15888103	SRX12178811	Drosophila melanogaster - UCI	Sample_B2_OV_2		SRP337014	PRJNA761571	PAIRED	48.3	3.200	https://ftp.sra.ebi.ac.uk/vol1/fastq/SRR158/003/SRR15888103/SRR15888103_1.fastq.gz	https://ftp.sra.ebi.ac.uk/vol1/fastq/SRR158/003/SRR15888103/SRR15888103_2.fastq.gz	0dcd603bebaa5f315f6b13b40badd9e2	7a593bb1641c7928b5d8e1c018dbbd6e	10.1371/journal.pgen.1010439	https://doi.org/10.1371/journal.pgen.1010439	https://chip-atlas.dbcls.jp/data/dm6/eachData/bw/SRX12178811.bw	https://chip-atlas.dbcls.jp/data/dm6/eachData/bed05/SRX12178811.05.bed	15043	4656976	0.0338571	10.3365	0.265908	400	400	0.99437	ChIP-Atlas dm6 BigWig plus MACS2 q<1e-5 BED; deterministic 400 merged-peak windows versus up to 400 length-matched shifted nonpeak windows; signal-fraction estimate uses sampled means and canonical-chromosome peak-union coverage; replicate Pearson uses log1p signal in 500 shared 5-kb windows. Proxy only: not formal FRiP/NSC/RSC.	2026-07-09	none with an equally close biological match	selected
O	ovary	yes	selected	Selected three whole-ovary B2 replicates; high concordance; H3K27ac remains a germ-cell proxy.	3	1	SRR15888093	SRX12178821	Drosophila melanogaster - UCI	Sample_B2_OV_3		SRP337014	PRJNA761571	PAIRED	59.8	3.945	https://ftp.sra.ebi.ac.uk/vol1/fastq/SRR158/093/SRR15888093/SRR15888093_1.fastq.gz	https://ftp.sra.ebi.ac.uk/vol1/fastq/SRR158/093/SRR15888093/SRR15888093_2.fastq.gz	f283365cd36a50720173dd0a4034c787	c53606c5b5be877172d50de35925cf5c	10.1371/journal.pgen.1010439	https://doi.org/10.1371/journal.pgen.1010439	https://chip-atlas.dbcls.jp/data/dm6/eachData/bw/SRX12178821.bw	https://chip-atlas.dbcls.jp/data/dm6/eachData/bed05/SRX12178821.05.bed	16417	4472031	0.0325125	10.3998	0.258977	400	400	0.993955	ChIP-Atlas dm6 BigWig plus MACS2 q<1e-5 BED; deterministic 400 merged-peak windows versus up to 400 length-matched shifted nonpeak windows; signal-fraction estimate uses sampled means and canonical-chromosome peak-union coverage; replicate Pearson uses log1p signal in 500 shared 5-kb windows. Proxy only: not formal FRiP/NSC/RSC.	2026-07-09	none with an equally close biological match	recommended replicate/same-context run
LB	larval brain / CNS	yes	selected	Selected three 0-h larval-brain replicates; strong enrichment and high concordance.	1	1	SRR16155879	SRX12440698	GSM5607739	time_release_ATAC_0H_1	150931	SRP262483	PRJNA634111	PAIRED	40.2	5.443	https://ftp.sra.ebi.ac.uk/vol1/fastq/SRR161/079/SRR16155879/SRR16155879_1.fastq.gz	https://ftp.sra.ebi.ac.uk/vol1/fastq/SRR161/079/SRR16155879/SRR16155879_2.fastq.gz	314f1b6c1127358ad85c58806e7b862e	d736e1d6ae796136972f292391a1da72	10.1038/s41467-021-27506-y	https://doi.org/10.1038/s41467-021-27506-y	https://chip-atlas.dbcls.jp/data/dm6/eachData/bw/SRX12440698.bw	https://chip-atlas.dbcls.jp/data/dm6/eachData/bed05/SRX12440698.05.bed	9905	5543937	0.0403055	14.7559	0.382611	400	400	0.983599	ChIP-Atlas dm6 BigWig plus MACS2 q<1e-5 BED; deterministic 400 merged-peak windows versus up to 400 length-matched shifted nonpeak windows; signal-fraction estimate uses sampled means and canonical-chromosome peak-union coverage; replicate Pearson uses log1p signal in 500 shared 5-kb windows. Proxy only: not formal FRiP/NSC/RSC.	2026-07-09	none with an equally close biological match	selected
LB	larval brain / CNS	yes	selected	Selected three 0-h larval-brain replicates; strong enrichment and high concordance.	2	1	SRR16155880	SRX12440699	GSM5607740	time_release_ATAC_0H_2	150931	SRP262483	PRJNA634111	PAIRED	38.9	5.197	https://ftp.sra.ebi.ac.uk/vol1/fastq/SRR161/080/SRR16155880/SRR16155880_1.fastq.gz	https://ftp.sra.ebi.ac.uk/vol1/fastq/SRR161/080/SRR16155880/SRR16155880_2.fastq.gz	f749f55878554a1fe5f0c4dc2aa08d82	b1e53dfc4234982b94cd807d17dd1dd9	10.1038/s41467-021-27506-y	https://doi.org/10.1038/s41467-021-27506-y	https://chip-atlas.dbcls.jp/data/dm6/eachData/bw/SRX12440699.bw	https://chip-atlas.dbcls.jp/data/dm6/eachData/bed05/SRX12440699.05.bed	10531	5947644	0.0432405	17.3576	0.43961	400	400	0.988037	ChIP-Atlas dm6 BigWig plus MACS2 q<1e-5 BED; deterministic 400 merged-peak windows versus up to 400 length-matched shifted nonpeak windows; signal-fraction estimate uses sampled means and canonical-chromosome peak-union coverage; replicate Pearson uses log1p signal in 500 shared 5-kb windows. Proxy only: not formal FRiP/NSC/RSC.	2026-07-09	none with an equally close biological match	recommended replicate/same-context run
LB	larval brain / CNS	yes	selected	Selected three 0-h larval-brain replicates; strong enrichment and high concordance.	3	1	SRR16155881	SRX12440700	GSM5607741	time_release_ATAC_0H_3	150931	SRP262483	PRJNA634111	PAIRED	36.7	4.963	https://ftp.sra.ebi.ac.uk/vol1/fastq/SRR161/081/SRR16155881/SRR16155881_1.fastq.gz	https://ftp.sra.ebi.ac.uk/vol1/fastq/SRR161/081/SRR16155881/SRR16155881_2.fastq.gz	e3a7a847e7f5b30b851516826dccab91	5be6d3dc94d0eb07f1fb7ba3c03f0b2e	10.1038/s41467-021-27506-y	https://doi.org/10.1038/s41467-021-27506-y	https://chip-atlas.dbcls.jp/data/dm6/eachData/bw/SRX12440700.bw	https://chip-atlas.dbcls.jp/data/dm6/eachData/bed05/SRX12440700.05.bed	9769	5728230	0.0416453	18.7013	0.448326	400	400	0.98407	ChIP-Atlas dm6 BigWig plus MACS2 q<1e-5 BED; deterministic 400 merged-peak windows versus up to 400 length-matched shifted nonpeak windows; signal-fraction estimate uses sampled means and canonical-chromosome peak-union coverage; replicate Pearson uses log1p signal in 500 shared 5-kb windows. Proxy only: not formal FRiP/NSC/RSC.	2026-07-09	none with an equally close biological match	recommended replicate/same-context run
WID	wing imaginal disc	yes	selected	Selected 0-h control pair: higher replicate concordance than the generic L3 alternative; L3 tracks retained as excluded alternatives.		1	SRR5946184	SRX3104579	GSM2747053	0h_ctrl_rep1 [ATAC-Seq]	102839;102841	SRP116024	PRJNA399613	PAIRED	27.2	3.558	https://ftp.sra.ebi.ac.uk/vol1/fastq/SRR594/004/SRR5946184/SRR5946184_1.fastq.gz	https://ftp.sra.ebi.ac.uk/vol1/fastq/SRR594/004/SRR5946184/SRR5946184_2.fastq.gz	42e46c3685892e712cb5d4fb529ba4da	4a3579a4a86450380b00c1094a2d5231	10.1101/gr.233098.117	https://doi.org/10.1101/gr.233098.117	https://chip-atlas.dbcls.jp/data/dm6/eachData/bw/SRX3104579.bw	https://chip-atlas.dbcls.jp/data/dm6/eachData/bed05/SRX3104579.05.bed	14268	6123440	0.0445186	12.1922	0.362272	400	400	0.970157	ChIP-Atlas dm6 BigWig plus MACS2 q<1e-5 BED; deterministic 400 merged-peak windows versus up to 400 length-matched shifted nonpeak windows; signal-fraction estimate uses sampled means and canonical-chromosome peak-union coverage; replicate Pearson uses log1p signal in 500 shared 5-kb windows. Proxy only: not formal FRiP/NSC/RSC.	2026-07-09	SRX3104591/SRX3104592 generic L3 pair: mean SNR proxy higher, but replicate r=0.950 versus 0.970 for selected 0-h controls.	selected
WID	wing imaginal disc	yes	selected	Selected 0-h control pair: higher replicate concordance than the generic L3 alternative; L3 tracks retained as excluded alternatives.		1	SRR5946185	SRX3104580	GSM2747054	0h_ctrl_rep2 [ATAC-Seq]	102839;102841	SRP116024	PRJNA399613	PAIRED	31.2	4.086	https://ftp.sra.ebi.ac.uk/vol1/fastq/SRR594/005/SRR5946185/SRR5946185_1.fastq.gz	https://ftp.sra.ebi.ac.uk/vol1/fastq/SRR594/005/SRR5946185/SRR5946185_2.fastq.gz	51ff739493354364fbebedc0c6d3c589	e4e35e3d656e05cea08ea517cdce00d5	10.1101/gr.233098.117	https://doi.org/10.1101/gr.233098.117	https://chip-atlas.dbcls.jp/data/dm6/eachData/bw/SRX3104580.bw	https://chip-atlas.dbcls.jp/data/dm6/eachData/bed05/SRX3104580.05.bed	13669	4972465	0.0361508	11.9102	0.308778	400	400	0.970157	ChIP-Atlas dm6 BigWig plus MACS2 q<1e-5 BED; deterministic 400 merged-peak windows versus up to 400 length-matched shifted nonpeak windows; signal-fraction estimate uses sampled means and canonical-chromosome peak-union coverage; replicate Pearson uses log1p signal in 500 shared 5-kb windows. Proxy only: not formal FRiP/NSC/RSC.	2026-07-09	SRX3104591/SRX3104592 generic L3 pair: mean SNR proxy higher, but replicate r=0.950 versus 0.970 for selected 0-h controls.	recommended replicate/same-context run
WID	wing imaginal disc	no	excluded_alternative	Selected 0-h control pair: higher replicate concordance than the generic L3 alternative; L3 tracks retained as excluded alternatives.		1	SRR5946196	SRX3104591	GSM2747065	L3_rep1 [ATAC-Seq]	102839;102841	SRP116024	PRJNA399613	PAIRED	31.2	4.071	https://ftp.sra.ebi.ac.uk/vol1/fastq/SRR594/006/SRR5946196/SRR5946196_1.fastq.gz	https://ftp.sra.ebi.ac.uk/vol1/fastq/SRR594/006/SRR5946196/SRR5946196_2.fastq.gz	1043fdd11b05570109c9ed43311a4c0a	8b9affdf4b9e61b7ad3da8ecf04e8577	10.1101/gr.233098.117	https://doi.org/10.1101/gr.233098.117	https://chip-atlas.dbcls.jp/data/dm6/eachData/bw/SRX3104591.bw	https://chip-atlas.dbcls.jp/data/dm6/eachData/bed05/SRX3104591.05.bed	15901	6047649	0.0439676	15.5263	0.416587	400	400	0.949669	ChIP-Atlas dm6 BigWig plus MACS2 q<1e-5 BED; deterministic 400 merged-peak windows versus up to 400 length-matched shifted nonpeak windows; signal-fraction estimate uses sampled means and canonical-chromosome peak-union coverage; replicate Pearson uses log1p signal in 500 shared 5-kb windows. Proxy only: not formal FRiP/NSC/RSC.	2026-07-09	SRX3104591/SRX3104592 generic L3 pair: mean SNR proxy higher, but replicate r=0.950 versus 0.970 for selected 0-h controls.	cleaner generic L3 wing-disc alternative, not exact 0h_ctrl replicate
WID	wing imaginal disc	no	excluded_alternative	Selected 0-h control pair: higher replicate concordance than the generic L3 alternative; L3 tracks retained as excluded alternatives.		1	SRR5946197	SRX3104592	GSM2747066	L3_rep2 [ATAC-Seq]	102839;102841	SRP116024	PRJNA399613	PAIRED	42.6	5.844	https://ftp.sra.ebi.ac.uk/vol1/fastq/SRR594/007/SRR5946197/SRR5946197_1.fastq.gz	https://ftp.sra.ebi.ac.uk/vol1/fastq/SRR594/007/SRR5946197/SRR5946197_2.fastq.gz	87eaaafc5d8d42d7c10674de7c4e9831	f42f585042d18dc8b6ff3e7829167cfa	10.1101/gr.233098.117	https://doi.org/10.1101/gr.233098.117	https://chip-atlas.dbcls.jp/data/dm6/eachData/bw/SRX3104592.bw	https://chip-atlas.dbcls.jp/data/dm6/eachData/bed05/SRX3104592.05.bed	14304	5458894	0.0396872	11.965	0.330871	400	400	0.949669	ChIP-Atlas dm6 BigWig plus MACS2 q<1e-5 BED; deterministic 400 merged-peak windows versus up to 400 length-matched shifted nonpeak windows; signal-fraction estimate uses sampled means and canonical-chromosome peak-union coverage; replicate Pearson uses log1p signal in 500 shared 5-kb windows. Proxy only: not formal FRiP/NSC/RSC.	2026-07-09	SRX3104591/SRX3104592 generic L3 pair: mean SNR proxy higher, but replicate r=0.950 versus 0.970 for selected 0-h controls.	cleaner generic L3 wing-disc alternative, not exact 0h_ctrl replicate
