context_id	context	atlas_use	selection_status	source_selection_rationale	assay_role	biological_replicate	run_accession	experiment_accession	geo_sample	geo_series	sample_title	biological_context	antibody_or_control	study_accession	library_layout	fastq_total_GB	fastq_r1_or_single_url	fastq_r2_url	fastq_r1_or_single_md5	fastq_r2_md5	matched_input_experiment	paper_doi	paper_url	chipatlas_bigwig_url	chipatlas_bed05_url	peak_count_bed05	peak_union_bp	peak_union_fraction_canonical	snr_proxy_peak_to_matched_background	estimated_signal_fraction_in_peak_union	sampled_peak_windows	sampled_background_windows	replicate_pearson_log1p_5kb	qc_method	qc_date	alternatives_evaluated	caveats
E5	embryo stage 5 / 2-4h	yes	selected	Selected PRJEB37091 pair for embryo-series consistency and r=0.975; input-controlled GSE140539 pair had lower r=0.900.	H3K27ac_IP	rep1	ERR3975911	ERX3978842			399_24h_rep1_K27ac_p	DGRP line 399 embryo 2-4h / stage 5 proxy	H3K27ac	PRJEB37091	PAIRED	1.511	https://ftp.sra.ebi.ac.uk/vol1/fastq/ERR397/001/ERR3975911/ERR3975911_1.fastq.gz	https://ftp.sra.ebi.ac.uk/vol1/fastq/ERR397/001/ERR3975911/ERR3975911_2.fastq.gz	1e2ed58cc4f88b0bfb66b6916ee390e6	acf71c42187ebd7fa5039ee82222ace1		10.1101/gr.266338.120	https://doi.org/10.1101/gr.266338.120	https://chip-atlas.dbcls.jp/data/dm6/eachData/bw/ERX3978842.bw	https://chip-atlas.dbcls.jp/data/dm6/eachData/bed05/ERX3978842.05.bed	376	99681	0.0007247	29.1444	0.0206988	376	376	0.974614	ChIP-Atlas dm6 BigWig plus MACS2 q<1e-5 BED; deterministic 400 merged-peak windows versus up to 400 length-matched shifted nonpeak windows; signal-fraction estimate uses sampled means and canonical-chromosome peak-union coverage; replicate Pearson uses log1p signal in 500 shared 5-kb windows. Proxy only: not formal FRiP/NSC/RSC.	2026-07-09	GSE140539 SRX7175235/SRX7175237 plus inputs: more peaks and matched controls, but lower r=0.900 and breaks E5/E11/E13 study consistency.	Matched biological replicate for the current H3K27ac_ids.csv embryo stage-5 selection; no input/control library found in PRJEB37091.
E5	embryo stage 5 / 2-4h	yes	selected	Selected PRJEB37091 pair for embryo-series consistency and r=0.975; input-controlled GSE140539 pair had lower r=0.900.	H3K27ac_IP	rep2	ERR3976003	ERX3978933			399_24h_rep2_K27ac_p	DGRP line 399 embryo 2-4h / stage 5 proxy	H3K27ac	PRJEB37091	PAIRED	2.676	https://ftp.sra.ebi.ac.uk/vol1/fastq/ERR397/003/ERR3976003/ERR3976003_1.fastq.gz	https://ftp.sra.ebi.ac.uk/vol1/fastq/ERR397/003/ERR3976003/ERR3976003_2.fastq.gz	998254f9d31ce3d506053e57d09529e9	625338ac156e1c142261134f28b51f50		10.1101/gr.266338.120	https://doi.org/10.1101/gr.266338.120	https://chip-atlas.dbcls.jp/data/dm6/eachData/bw/ERX3978933.bw	https://chip-atlas.dbcls.jp/data/dm6/eachData/bed05/ERX3978933.05.bed	1674	502156	0.00365077	10.7573	0.0379214	400	400	0.974614	ChIP-Atlas dm6 BigWig plus MACS2 q<1e-5 BED; deterministic 400 merged-peak windows versus up to 400 length-matched shifted nonpeak windows; signal-fraction estimate uses sampled means and canonical-chromosome peak-union coverage; replicate Pearson uses log1p signal in 500 shared 5-kb windows. Proxy only: not formal FRiP/NSC/RSC.	2026-07-09	GSE140539 SRX7175235/SRX7175237 plus inputs: more peaks and matched controls, but lower r=0.900 and breaks E5/E11/E13 study consistency.	Current H3K27ac_ids.csv run; no input/control library found in PRJEB37091.
E11	embryo stage 11 / 6-8h	yes	selected	Selected two stage/time/genotype-matched PRJEB37091 replicates (r=0.989); no matched input exists.	H3K27ac_IP	rep1	ERR3975901	ERX3978832			399_68h_rep1_K27ac_p	DGRP line 399 embryo 6-8h / stage 11 proxy	H3K27ac	PRJEB37091	PAIRED	3.632	https://ftp.sra.ebi.ac.uk/vol1/fastq/ERR397/001/ERR3975901/ERR3975901_1.fastq.gz	https://ftp.sra.ebi.ac.uk/vol1/fastq/ERR397/001/ERR3975901/ERR3975901_2.fastq.gz	77112c0b3d37d656aba18d5c8e57e010	de66f1ba00e29f7a950c268cad677c82		10.1101/gr.266338.120	https://doi.org/10.1101/gr.266338.120	https://chip-atlas.dbcls.jp/data/dm6/eachData/bw/ERX3978832.bw	https://chip-atlas.dbcls.jp/data/dm6/eachData/bed05/ERX3978832.05.bed	1929	597862	0.00434657	9.15385	0.038426	400	400	0.989335	ChIP-Atlas dm6 BigWig plus MACS2 q<1e-5 BED; deterministic 400 merged-peak windows versus up to 400 length-matched shifted nonpeak windows; signal-fraction estimate uses sampled means and canonical-chromosome peak-union coverage; replicate Pearson uses log1p signal in 500 shared 5-kb windows. Proxy only: not formal FRiP/NSC/RSC.	2026-07-09	none with a closer biological match and comparable replication	Matched biological replicate for the current H3K27ac_ids.csv embryo stage-11 selection; no input/control library found in PRJEB37091.
E11	embryo stage 11 / 6-8h	yes	selected	Selected two stage/time/genotype-matched PRJEB37091 replicates (r=0.989); no matched input exists.	H3K27ac_IP	rep2	ERR3975912	ERX3978843			399_68h_rep2_K27ac_p	DGRP line 399 embryo 6-8h / stage 11 proxy	H3K27ac	PRJEB37091	PAIRED	3.324	https://ftp.sra.ebi.ac.uk/vol1/fastq/ERR397/002/ERR3975912/ERR3975912_1.fastq.gz	https://ftp.sra.ebi.ac.uk/vol1/fastq/ERR397/002/ERR3975912/ERR3975912_2.fastq.gz	777fa9762e50bcb1910d4a0ef54f52b7	e6c8be595b5f74691adcfa046cc57155		10.1101/gr.266338.120	https://doi.org/10.1101/gr.266338.120	https://chip-atlas.dbcls.jp/data/dm6/eachData/bw/ERX3978843.bw	https://chip-atlas.dbcls.jp/data/dm6/eachData/bed05/ERX3978843.05.bed	2629	826525	0.00600899	8.75104	0.0502448	400	400	0.989335	ChIP-Atlas dm6 BigWig plus MACS2 q<1e-5 BED; deterministic 400 merged-peak windows versus up to 400 length-matched shifted nonpeak windows; signal-fraction estimate uses sampled means and canonical-chromosome peak-union coverage; replicate Pearson uses log1p signal in 500 shared 5-kb windows. Proxy only: not formal FRiP/NSC/RSC.	2026-07-09	none with a closer biological match and comparable replication	Current H3K27ac_ids.csv run; no input/control library found in PRJEB37091.
E13	embryo stage 13 / 10-12h	yes	selected	Selected two stage/time/genotype-matched PRJEB37091 replicates (r=0.983); no matched input exists.	H3K27ac_IP	rep1	ERR3975967	ERX3978898			399_1012h_rep1_K27ac_p	DGRP line 399 embryo 10-12h / stage 13 proxy	H3K27ac	PRJEB37091	PAIRED	1.962	https://ftp.sra.ebi.ac.uk/vol1/fastq/ERR397/007/ERR3975967/ERR3975967_1.fastq.gz	https://ftp.sra.ebi.ac.uk/vol1/fastq/ERR397/007/ERR3975967/ERR3975967_2.fastq.gz	589db83247909491d8ca9fc7785ffb27	18346b4ea0e429aa7c02fdca00d126dd		10.1101/gr.266338.120	https://doi.org/10.1101/gr.266338.120	https://chip-atlas.dbcls.jp/data/dm6/eachData/bw/ERX3978898.bw	https://chip-atlas.dbcls.jp/data/dm6/eachData/bed05/ERX3978898.05.bed	623	185836	0.00135106	21.2908	0.0279977	400	400	0.982935	ChIP-Atlas dm6 BigWig plus MACS2 q<1e-5 BED; deterministic 400 merged-peak windows versus up to 400 length-matched shifted nonpeak windows; signal-fraction estimate uses sampled means and canonical-chromosome peak-union coverage; replicate Pearson uses log1p signal in 500 shared 5-kb windows. Proxy only: not formal FRiP/NSC/RSC.	2026-07-09	none with a closer biological match and comparable replication	Matched biological replicate for the current H3K27ac_ids.csv embryo stage-13 selection; no input/control library found in PRJEB37091.
E13	embryo stage 13 / 10-12h	yes	selected	Selected two stage/time/genotype-matched PRJEB37091 replicates (r=0.983); no matched input exists.	H3K27ac_IP	rep2	ERR3975904	ERX3978835			399_1012h_rep2_K27ac_p	DGRP line 399 embryo 10-12h / stage 13 proxy	H3K27ac	PRJEB37091	PAIRED	3.020	https://ftp.sra.ebi.ac.uk/vol1/fastq/ERR397/004/ERR3975904/ERR3975904_1.fastq.gz	https://ftp.sra.ebi.ac.uk/vol1/fastq/ERR397/004/ERR3975904/ERR3975904_2.fastq.gz	abdf99ae90bd410708f5c2030ad90458	67d607635b563bac3853e79d084e4b4d		10.1101/gr.266338.120	https://doi.org/10.1101/gr.266338.120	https://chip-atlas.dbcls.jp/data/dm6/eachData/bw/ERX3978835.bw	https://chip-atlas.dbcls.jp/data/dm6/eachData/bed05/ERX3978835.05.bed	1669	472235	0.00343324	13.7415	0.0452005	400	400	0.982935	ChIP-Atlas dm6 BigWig plus MACS2 q<1e-5 BED; deterministic 400 merged-peak windows versus up to 400 length-matched shifted nonpeak windows; signal-fraction estimate uses sampled means and canonical-chromosome peak-union coverage; replicate Pearson uses log1p signal in 500 shared 5-kb windows. Proxy only: not formal FRiP/NSC/RSC.	2026-07-09	none with a closer biological match and comparable replication	Current H3K27ac_ids.csv run; no input/control library found in PRJEB37091.
E5	embryo stage 5 / 2-4h	no	excluded_alternative	Selected PRJEB37091 pair for embryo-series consistency and r=0.975; input-controlled GSE140539 pair had lower r=0.900.	H3K27ac_IP	rep1	SRR10485675	SRX7175235	GSM4173897	GSE140539	ChIP H3K27ac IP repl1	WT embryo at stage 5; Bloomington #36303	H3K27ac Diagenode C15410196	PRJNA590156	PAIRED	1.802	https://ftp.sra.ebi.ac.uk/vol1/fastq/SRR104/075/SRR10485675/SRR10485675_1.fastq.gz	https://ftp.sra.ebi.ac.uk/vol1/fastq/SRR104/075/SRR10485675/SRR10485675_2.fastq.gz	d44a81af8a4d22e0ca2bc33a4f2c2dbd	7da97038eeae6c2fe4f76c3a53b3c07b	SRX7175236			https://chip-atlas.dbcls.jp/data/dm6/eachData/bw/SRX7175235.bw	https://chip-atlas.dbcls.jp/data/dm6/eachData/bed05/SRX7175235.05.bed	6013	3192530	0.0232103	8.69281	0.171195	400	400	0.900315	ChIP-Atlas dm6 BigWig plus MACS2 q<1e-5 BED; deterministic 400 merged-peak windows versus up to 400 length-matched shifted nonpeak windows; signal-fraction estimate uses sampled means and canonical-chromosome peak-union coverage; replicate Pearson uses log1p signal in 500 shared 5-kb windows. Proxy only: not formal FRiP/NSC/RSC.	2026-07-09	GSE140539 SRX7175235/SRX7175237 plus inputs: more peaks and matched controls, but lower r=0.900 and breaks E5/E11/E13 study consistency.	Two biological IP replicates and matched input controls; use as higher-quality stage-5-only alternative rather than for all embryo stages.
E5	embryo stage 5 / 2-4h	no	excluded_alternative	Selected PRJEB37091 pair for embryo-series consistency and r=0.975; input-controlled GSE140539 pair had lower r=0.900.	H3K27ac_IP	rep2	SRR10485677	SRX7175237	GSM4173899	GSE140539	ChIP H3K27ac IP repl2	WT embryo at stage 5; Bloomington #36303	H3K27ac Diagenode C15410196	PRJNA590156	PAIRED	2.304	https://ftp.sra.ebi.ac.uk/vol1/fastq/SRR104/077/SRR10485677/SRR10485677_1.fastq.gz	https://ftp.sra.ebi.ac.uk/vol1/fastq/SRR104/077/SRR10485677/SRR10485677_2.fastq.gz	ba28145008313cdc7de4ca08d6975a03	28d52800bfd3a784f2dbe2c719abdbe5	SRX7175238			https://chip-atlas.dbcls.jp/data/dm6/eachData/bw/SRX7175237.bw	https://chip-atlas.dbcls.jp/data/dm6/eachData/bed05/SRX7175237.05.bed	5076	2194471	0.0159542	5.47548	0.0815352	400	400	0.900315	ChIP-Atlas dm6 BigWig plus MACS2 q<1e-5 BED; deterministic 400 merged-peak windows versus up to 400 length-matched shifted nonpeak windows; signal-fraction estimate uses sampled means and canonical-chromosome peak-union coverage; replicate Pearson uses log1p signal in 500 shared 5-kb windows. Proxy only: not formal FRiP/NSC/RSC.	2026-07-09	GSE140539 SRX7175235/SRX7175237 plus inputs: more peaks and matched controls, but lower r=0.900 and breaks E5/E11/E13 study consistency.	Second biological IP replicate for the stage-5 alternative.
EAD	eye / eye-antennal disc	yes	selected	Selected exact eye-antennal sample; pure-eye alternatives are spatially narrower and had weaker SNR proxies.	H3K27ac_IP	single	SRR7148579	SRX4068068	GSM3139658		H3K27Ac ChIP-seq	Late L3 eye-antennal discs; Canton S	anti-H3K27Ac antibody	PRJNA449366	SINGLE	0.522	https://ftp.sra.ebi.ac.uk/vol1/fastq/SRR714/009/SRR7148579/SRR7148579.fastq.gz		a85fa9d96b676d1094c4205b57205652			10.1093/nar/gky892	https://doi.org/10.1093/nar/gky892	https://chip-atlas.dbcls.jp/data/dm6/eachData/bw/SRX4068068.bw	https://chip-atlas.dbcls.jp/data/dm6/eachData/bed05/SRX4068068.05.bed	5613	2055510	0.014944	6.68746	0.0921084	400	400		ChIP-Atlas dm6 BigWig plus MACS2 q<1e-5 BED; deterministic 400 merged-peak windows versus up to 400 length-matched shifted nonpeak windows; signal-fraction estimate uses sampled means and canonical-chromosome peak-union coverage; replicate Pearson uses log1p signal in 500 shared 5-kb windows. Proxy only: not formal FRiP/NSC/RSC.	2026-07-09	SRX319058 pure eye (SNR 3.89); SRX1342242 pure eye had zero q<1e-5 peaks.	Best exact eye-antennal tissue match found locally, but single IP and no matched input found in the study.
EAD	eye / eye-antennal disc	no	excluded_alternative	Selected exact eye-antennal sample; pure-eye alternatives are spatially narrower and had weaker SNR proxies.	H3K27ac_IP	single	SRR927435	SRX319058	GSM1182474		H3K27ac EID R1	third instar Canton S eye imaginal discs	anti-H3K27ac Abcam ab4729	PRJNA210868	SINGLE	1.060	https://ftp.sra.ebi.ac.uk/vol1/fastq/SRR927/SRR927435/SRR927435.fastq.gz		4177a8dcf54f696dc749dc0658650642					https://chip-atlas.dbcls.jp/data/dm6/eachData/bw/SRX319058.bw	https://chip-atlas.dbcls.jp/data/dm6/eachData/bed05/SRX319058.05.bed	12568	5873997	0.0427051	3.89412	0.148006	400	400		ChIP-Atlas dm6 BigWig plus MACS2 q<1e-5 BED; deterministic 400 merged-peak windows versus up to 400 length-matched shifted nonpeak windows; signal-fraction estimate uses sampled means and canonical-chromosome peak-union coverage; replicate Pearson uses log1p signal in 500 shared 5-kb windows. Proxy only: not formal FRiP/NSC/RSC.	2026-07-09	SRX319058 pure eye (SNR 3.89); SRX1342242 pure eye had zero q<1e-5 peaks.	Pure eye-disc option; not eye-antennal and no matched input found in the study.
EAD	eye / eye-antennal disc	no	excluded_alternative	Selected exact eye-antennal sample; pure-eye alternatives are spatially narrower and had weaker SNR proxies.	H3K27ac_IP	single_experiment_two_runs	SRR2672975	SRX1342242	GSM1910622		EyeDisc K27Ac	L3 eye discs	K27Ac	PRJNA298922	SINGLE	3.361	https://ftp.sra.ebi.ac.uk/vol1/fastq/SRR267/005/SRR2672975/SRR2672975.fastq.gz		d19e0b503154b81ac63a590b272093b5					https://chip-atlas.dbcls.jp/data/dm6/eachData/bw/SRX1342242.bw	https://chip-atlas.dbcls.jp/data/dm6/eachData/bed05/SRX1342242.05.bed	0	0	0			0	0		ChIP-Atlas dm6 BigWig plus MACS2 q<1e-5 BED; deterministic 400 merged-peak windows versus up to 400 length-matched shifted nonpeak windows; signal-fraction estimate uses sampled means and canonical-chromosome peak-union coverage; replicate Pearson uses log1p signal in 500 shared 5-kb windows. Proxy only: not formal FRiP/NSC/RSC.	2026-07-09	SRX319058 pure eye (SNR 3.89); SRX1342242 pure eye had zero q<1e-5 peaks.	Pure eye-disc option with two runs under one experiment; treat as one biological sample unless the paper says otherwise.
EAD	eye / eye-antennal disc	no	excluded_alternative	Selected exact eye-antennal sample; pure-eye alternatives are spatially narrower and had weaker SNR proxies.	H3K27ac_IP	single_experiment_two_runs	SRR2672976	SRX1342242	GSM1910622		EyeDisc K27Ac	L3 eye discs	K27Ac	PRJNA298922	SINGLE	3.532	https://ftp.sra.ebi.ac.uk/vol1/fastq/SRR267/006/SRR2672976/SRR2672976.fastq.gz		bd646dc696451bb40a57ee259f49fa78					https://chip-atlas.dbcls.jp/data/dm6/eachData/bw/SRX1342242.bw	https://chip-atlas.dbcls.jp/data/dm6/eachData/bed05/SRX1342242.05.bed	0	0	0			0	0		ChIP-Atlas dm6 BigWig plus MACS2 q<1e-5 BED; deterministic 400 merged-peak windows versus up to 400 length-matched shifted nonpeak windows; signal-fraction estimate uses sampled means and canonical-chromosome peak-union coverage; replicate Pearson uses log1p signal in 500 shared 5-kb windows. Proxy only: not formal FRiP/NSC/RSC.	2026-07-09	SRX319058 pure eye (SNR 3.89); SRX1342242 pure eye had zero q<1e-5 peaks.	Pure eye-disc option with two runs under one experiment; treat as one biological sample unless the paper says otherwise.
HID	haltere imaginal disc	yes	selected	Selected two-replicate source despite mixed haltere/third-leg dissection; no exact haltere-only H3K27ac pair found.	H3K27ac_IP	rep1	SRR6278166	SRX3380803	GSM2849568		H3K27ac IP haltere replicate1	Third instar haltere and third leg imaginal discs; wild type	H3K27ac	PRJNA408128	SINGLE	1.154	https://ftp.sra.ebi.ac.uk/vol1/fastq/SRR627/006/SRR6278166/SRR6278166.fastq.gz		aa9a565c0e1f30bc962ee3061586e45c			10.1101/gad.305987.117	https://doi.org/10.1101/gad.305987.117	https://chip-atlas.dbcls.jp/data/dm6/eachData/bw/SRX3380803.bw	https://chip-atlas.dbcls.jp/data/dm6/eachData/bed05/SRX3380803.05.bed	5992	3116695	0.022659	7.48427	0.147861	400	400	0.89672	ChIP-Atlas dm6 BigWig plus MACS2 q<1e-5 BED; deterministic 400 merged-peak windows versus up to 400 length-matched shifted nonpeak windows; signal-fraction estimate uses sampled means and canonical-chromosome peak-union coverage; replicate Pearson uses log1p signal in 500 shared 5-kb windows. Proxy only: not formal FRiP/NSC/RSC.	2026-07-09	none with a closer biological match and comparable replication	Biological replicate for current SRX3380805; ChIP-Atlas tissue class is imaginal leg disc.
HID	haltere imaginal disc	yes	selected	Selected two-replicate source despite mixed haltere/third-leg dissection; no exact haltere-only H3K27ac pair found.	H3K27ac_IP	rep2	SRR6278168	SRX3380805	GSM2849570		H3K27ac IP haltere replicate2	Third instar haltere and third leg imaginal discs; wild type	H3K27ac	PRJNA408128	SINGLE	0.844	https://ftp.sra.ebi.ac.uk/vol1/fastq/SRR627/008/SRR6278168/SRR6278168.fastq.gz		af17735229619e26073d1084d417ef94			10.1101/gad.305987.117	https://doi.org/10.1101/gad.305987.117	https://chip-atlas.dbcls.jp/data/dm6/eachData/bw/SRX3380805.bw	https://chip-atlas.dbcls.jp/data/dm6/eachData/bed05/SRX3380805.05.bed	8659	3856643	0.0280385	7.53005	0.178457	400	400	0.89672	ChIP-Atlas dm6 BigWig plus MACS2 q<1e-5 BED; deterministic 400 merged-peak windows versus up to 400 length-matched shifted nonpeak windows; signal-fraction estimate uses sampled means and canonical-chromosome peak-union coverage; replicate Pearson uses log1p signal in 500 shared 5-kb windows. Proxy only: not formal FRiP/NSC/RSC.	2026-07-09	none with a closer biological match and comparable replication	Current H3K27ac_ids.csv run; mixed haltere/third-leg annotation and no matched input found in the study.
WID	wing imaginal disc	no	excluded_alternative	Selected two biological replicates; exact single-run and input-controlled single-IP alternatives provide less replication.	H3K27ac_IP	single	SRR927433	SRX319056	GSM1182472		H3K27ac WID R1	third instar Canton S wing imaginal discs	anti-H3K27ac Abcam ab4729	PRJNA210868	SINGLE	1.105	https://ftp.sra.ebi.ac.uk/vol1/fastq/SRR927/SRR927433/SRR927433.fastq.gz		e1d15921c2962bd3233c7f75dd164173					https://chip-atlas.dbcls.jp/data/dm6/eachData/bw/SRX319056.bw	https://chip-atlas.dbcls.jp/data/dm6/eachData/bed05/SRX319056.05.bed	13389	6478059	0.0470967	3.60266	0.151146	400	400		ChIP-Atlas dm6 BigWig plus MACS2 q<1e-5 BED; deterministic 400 merged-peak windows versus up to 400 length-matched shifted nonpeak windows; signal-fraction estimate uses sampled means and canonical-chromosome peak-union coverage; replicate Pearson uses log1p signal in 500 shared 5-kb windows. Proxy only: not formal FRiP/NSC/RSC.	2026-07-09	SRX319056 exact single (SNR 3.60); SRX2618551 plus input single IP (SNR 5.61); selected pair SNR 6.07/8.78.	Current H3K27ac_ids.csv run; exact wing-disc tissue but single IP and no matched input found in the study.
WID	wing imaginal disc	yes	selected	Selected two biological replicates; exact single-run and input-controlled single-IP alternatives provide less replication.	H3K27ac_IP	rep1	SRR6278172	SRX3380809	GSM2849574		H3K27ac IP wing replicate1	Third instar wing imaginal discs; wild type	H3K27ac	PRJNA408128	SINGLE	0.611	https://ftp.sra.ebi.ac.uk/vol1/fastq/SRR627/002/SRR6278172/SRR6278172.fastq.gz		d9f1307c067fcb8291aca9c222deadbf			10.1101/gad.305987.117	https://doi.org/10.1101/gad.305987.117	https://chip-atlas.dbcls.jp/data/dm6/eachData/bw/SRX3380809.bw	https://chip-atlas.dbcls.jp/data/dm6/eachData/bed05/SRX3380809.05.bed	2907	1549058	0.0112619	6.07257	0.0646932	400	400	0.886245	ChIP-Atlas dm6 BigWig plus MACS2 q<1e-5 BED; deterministic 400 merged-peak windows versus up to 400 length-matched shifted nonpeak windows; signal-fraction estimate uses sampled means and canonical-chromosome peak-union coverage; replicate Pearson uses log1p signal in 500 shared 5-kb windows. Proxy only: not formal FRiP/NSC/RSC.	2026-07-09	SRX319056 exact single (SNR 3.60); SRX2618551 plus input single IP (SNR 5.61); selected pair SNR 6.07/8.78.	Better than current single run for replication; no matched input found in the study.
WID	wing imaginal disc	yes	selected	Selected two biological replicates; exact single-run and input-controlled single-IP alternatives provide less replication.	H3K27ac_IP	rep2	SRR6278174	SRX3380811	GSM2849576		H3K27ac IP wing replicate2	Third instar wing imaginal discs; wild type	H3K27ac	PRJNA408128	SINGLE	0.852	https://ftp.sra.ebi.ac.uk/vol1/fastq/SRR627/004/SRR6278174/SRR6278174.fastq.gz		b1f96b3a94e6266fb2d64175c2a90b3e			10.1101/gad.305987.117	https://doi.org/10.1101/gad.305987.117	https://chip-atlas.dbcls.jp/data/dm6/eachData/bw/SRX3380811.bw	https://chip-atlas.dbcls.jp/data/dm6/eachData/bed05/SRX3380811.05.bed	8549	3383849	0.0246012	8.78193	0.181331	400	400	0.886245	ChIP-Atlas dm6 BigWig plus MACS2 q<1e-5 BED; deterministic 400 merged-peak windows versus up to 400 length-matched shifted nonpeak windows; signal-fraction estimate uses sampled means and canonical-chromosome peak-union coverage; replicate Pearson uses log1p signal in 500 shared 5-kb windows. Proxy only: not formal FRiP/NSC/RSC.	2026-07-09	SRX319056 exact single (SNR 3.60); SRX2618551 plus input single IP (SNR 5.61); selected pair SNR 6.07/8.78.	Biological replicate pair with SRX3380809.
WID	wing imaginal disc	no	excluded_alternative	Selected two biological replicates; exact single-run and input-controlled single-IP alternatives provide less replication.	H3K27ac_IP	single	SRR5319105	SRX2618551	GSM2525829	GSE95781	dm3.wingDiscs.k27ac.wt	third instar wing imaginal discs; trr[1]; trr-WT	anti-H3K27ac CST D5E4	PRJNA378409	SINGLE	0.735	https://ftp.sra.ebi.ac.uk/vol1/fastq/SRR531/005/SRR5319105/SRR5319105.fastq.gz		60a56d7209bf2aaba5bbd31c81079249		SRX2618545	10.1038/ng.3965	https://doi.org/10.1038/ng.3965	https://chip-atlas.dbcls.jp/data/dm6/eachData/bw/SRX2618551.bw	https://chip-atlas.dbcls.jp/data/dm6/eachData/bed05/SRX2618551.05.bed	4680	1074812	0.00781409	5.60804	0.0422986	400	400		ChIP-Atlas dm6 BigWig plus MACS2 q<1e-5 BED; deterministic 400 merged-peak windows versus up to 400 length-matched shifted nonpeak windows; signal-fraction estimate uses sampled means and canonical-chromosome peak-union coverage; replicate Pearson uses log1p signal in 500 shared 5-kb windows. Proxy only: not formal FRiP/NSC/RSC.	2026-07-09	SRX319056 exact single (SNR 3.60); SRX2618551 plus input single IP (SNR 5.61); selected pair SNR 6.07/8.78.	Matched input exists, but genotype context is trr-WT and no WT IP biological replicate was found in this condition.
LB	larval brain / CNS	yes	selected	Selected exact larval-brain pair with r=0.987.	H3K27ac_IP	rep1	SRR5259254	SRX2564135	GSM2491988		H3K27ac-1	3rd instar larval brain; wild type	H3K27ac Active Motif #39133	PRJNA374851	SINGLE	2.737	https://ftp.sra.ebi.ac.uk/vol1/fastq/SRR525/004/SRR5259254/SRR5259254.fastq.gz		a00f4337c3ec026db6d0f97b9ac1e0bf			10.1016/j.molcel.2017.02.020	https://doi.org/10.1016/j.molcel.2017.02.020	https://chip-atlas.dbcls.jp/data/dm6/eachData/bw/SRX2564135.bw	https://chip-atlas.dbcls.jp/data/dm6/eachData/bed05/SRX2564135.05.bed	11261	4409236	0.032056	4.21513	0.122495	400	400	0.987317	ChIP-Atlas dm6 BigWig plus MACS2 q<1e-5 BED; deterministic 400 merged-peak windows versus up to 400 length-matched shifted nonpeak windows; signal-fraction estimate uses sampled means and canonical-chromosome peak-union coverage; replicate Pearson uses log1p signal in 500 shared 5-kb windows. Proxy only: not formal FRiP/NSC/RSC.	2026-07-09	none with a closer biological match and comparable replication	Current H3K27ac_ids.csv run; add SRX2564136 as biological replicate. No matched input found in the study.
LB	larval brain / CNS	yes	selected	Selected exact larval-brain pair with r=0.987.	H3K27ac_IP	rep2	SRR5259255	SRX2564136	GSM2491989		H3K27ac-2	3rd instar larval brain; wild type	H3K27ac Active Motif #39133	PRJNA374851	SINGLE	1.701	https://ftp.sra.ebi.ac.uk/vol1/fastq/SRR525/005/SRR5259255/SRR5259255.fastq.gz		73ff11ee08b44e4f4265f275359343c2			10.1016/j.molcel.2017.02.020	https://doi.org/10.1016/j.molcel.2017.02.020	https://chip-atlas.dbcls.jp/data/dm6/eachData/bw/SRX2564136.bw	https://chip-atlas.dbcls.jp/data/dm6/eachData/bed05/SRX2564136.05.bed	9632	3955421	0.0287567	5.18709	0.133133	400	400	0.987317	ChIP-Atlas dm6 BigWig plus MACS2 q<1e-5 BED; deterministic 400 merged-peak windows versus up to 400 length-matched shifted nonpeak windows; signal-fraction estimate uses sampled means and canonical-chromosome peak-union coverage; replicate Pearson uses log1p signal in 500 shared 5-kb windows. Proxy only: not formal FRiP/NSC/RSC.	2026-07-09	none with a closer biological match and comparable replication	Biological replicate for SRX2564135.
AB	adult brain / CNS	yes	selected	Selected tissue-exact adult-brain IP rep1 plus its input; rep2 had no q<1e-5 ChIP-Atlas peaks and was excluded. Adult-head pair had r=0.992 but is not brain-specific.	H3K27ac_IP	rep1	SRR5319052	SRX2618498	GSM2525776	GSE95781	dm3.brains.k27ac.wt.rep1	adult total brains 2-4 days post-eclosion; trr[1]; trr-WT	anti-H3K27ac CST D5E4	PRJNA378409	SINGLE	0.657	https://ftp.sra.ebi.ac.uk/vol1/fastq/SRR531/002/SRR5319052/SRR5319052.fastq.gz		fef495804cdf3fbc21a4693506c86a84		SRX2618493	10.1038/ng.3965	https://doi.org/10.1038/ng.3965	https://chip-atlas.dbcls.jp/data/dm6/eachData/bw/SRX2618498.bw	https://chip-atlas.dbcls.jp/data/dm6/eachData/bed05/SRX2618498.05.bed	10304	4186798	0.0304388	6.26443	0.164346	400	400	0.86324	ChIP-Atlas dm6 BigWig plus MACS2 q<1e-5 BED; deterministic 400 merged-peak windows versus up to 400 length-matched shifted nonpeak windows; signal-fraction estimate uses sampled means and canonical-chromosome peak-union coverage; replicate Pearson uses log1p signal in 500 shared 5-kb windows. Proxy only: not formal FRiP/NSC/RSC.	2026-07-09	GSE47316 adult-head pair plus inputs: r=0.992 and SNR 5.38/4.83, but head nuclei are not dissected brain.	Current H3K27ac_ids.csv run; use with SRX2618499 and inputs SRX2618493/SRX2618494.
AB	adult brain / CNS	no	excluded_failed_strict_peak_qc	Selected tissue-exact adult-brain IP rep1 plus its input; rep2 had no q<1e-5 ChIP-Atlas peaks and was excluded. Adult-head pair had r=0.992 but is not brain-specific.	H3K27ac_IP	rep2	SRR5319053	SRX2618499	GSM2525777	GSE95781	dm3.brains.k27ac.wt.rep2	adult total brains 2-4 days post-eclosion; trr[1]; trr-WT	anti-H3K27ac CST D5E4	PRJNA378409	SINGLE	1.291	https://ftp.sra.ebi.ac.uk/vol1/fastq/SRR531/003/SRR5319053/SRR5319053.fastq.gz		ddb6aa3202cea5ecad3d7f8f1572928e		SRX2618494	10.1038/ng.3965	https://doi.org/10.1038/ng.3965	https://chip-atlas.dbcls.jp/data/dm6/eachData/bw/SRX2618499.bw	https://chip-atlas.dbcls.jp/data/dm6/eachData/bed05/SRX2618499.05.bed	0	0	0			0	0	0.86324	ChIP-Atlas dm6 BigWig plus MACS2 q<1e-5 BED; deterministic 400 merged-peak windows versus up to 400 length-matched shifted nonpeak windows; signal-fraction estimate uses sampled means and canonical-chromosome peak-union coverage; replicate Pearson uses log1p signal in 500 shared 5-kb windows. Proxy only: not formal FRiP/NSC/RSC.	2026-07-09	GSE47316 adult-head pair plus inputs: r=0.992 and SNR 5.38/4.83, but head nuclei are not dissected brain.	Biological replicate for SRX2618498.
AB	adult brain / CNS	no	excluded_alternative	Selected tissue-exact adult-brain IP rep1 plus its input; rep2 had no q<1e-5 ChIP-Atlas peaks and was excluded. Adult-head pair had r=0.992 but is not brain-specific.	H3K27ac_IP	rep1	SRR870154	SRX287965	GSM1147473	GSE47316	H3K27ac Active Motif OR Head Nuclei ChIP Rep1	Mixed adult Oregon-R head nuclei; wild type	H3K27ac Active Motif	PRJNA63455	SINGLE	0.686	https://ftp.sra.ebi.ac.uk/vol1/fastq/SRR870/SRR870154/SRR870154.fastq.gz		cb43fda4ef6a18866a6f486ff3686cdf		SRX287963			https://chip-atlas.dbcls.jp/data/dm6/eachData/bw/SRX287965.bw	https://chip-atlas.dbcls.jp/data/dm6/eachData/bed05/SRX287965.05.bed	7691	3879799	0.0282069	5.38289	0.135129	400	400	0.991885	ChIP-Atlas dm6 BigWig plus MACS2 q<1e-5 BED; deterministic 400 merged-peak windows versus up to 400 length-matched shifted nonpeak windows; signal-fraction estimate uses sampled means and canonical-chromosome peak-union coverage; replicate Pearson uses log1p signal in 500 shared 5-kb windows. Proxy only: not formal FRiP/NSC/RSC.	2026-07-09	GSE47316 adult-head pair plus inputs: r=0.992 and SNR 5.38/4.83, but head nuclei are not dissected brain.	Cleaner genotype and matched inputs, but head nuclei rather than dissected adult brain.
AB	adult brain / CNS	no	excluded_alternative	Selected tissue-exact adult-brain IP rep1 plus its input; rep2 had no q<1e-5 ChIP-Atlas peaks and was excluded. Adult-head pair had r=0.992 but is not brain-specific.	H3K27ac_IP	rep2	SRR870155	SRX287966	GSM1147474	GSE47316	H3K27ac Active Motif OR Head Nuclei ChIP Rep2	Mixed adult Oregon-R head nuclei; wild type	H3K27ac Active Motif	PRJNA63455	SINGLE	0.656	https://ftp.sra.ebi.ac.uk/vol1/fastq/SRR870/SRR870155/SRR870155.fastq.gz		77ad44b780c48e59634c67b239dbc903		SRX287964			https://chip-atlas.dbcls.jp/data/dm6/eachData/bw/SRX287966.bw	https://chip-atlas.dbcls.jp/data/dm6/eachData/bed05/SRX287966.05.bed	6904	4024062	0.0292557	4.83048	0.127078	400	400	0.991885	ChIP-Atlas dm6 BigWig plus MACS2 q<1e-5 BED; deterministic 400 merged-peak windows versus up to 400 length-matched shifted nonpeak windows; signal-fraction estimate uses sampled means and canonical-chromosome peak-union coverage; replicate Pearson uses log1p signal in 500 shared 5-kb windows. Proxy only: not formal FRiP/NSC/RSC.	2026-07-09	GSE47316 adult-head pair plus inputs: r=0.992 and SNR 5.38/4.83, but head nuclei are not dissected brain.	Second ChIP replicate for GSE47316.
O	ovary	yes	selected	Selected only available ovary-relevant H3K27ac track; it is FACS-purified germ cells, not whole ovary.	H3K27ac_IP	single	SRR11084657	SRX7723701	GSM4314184		sorted germcell ChIPseq GSC sortA H3K27ac	FACS-purified germ cells from bam ovary; nos-Gal4 UASp-NLS-GFP	H3K27ac Active Motif #39135	PRJNA606593	SINGLE	1.048	https://ftp.sra.ebi.ac.uk/vol1/fastq/SRR110/057/SRR11084657/SRR11084657.fastq.gz		013343106bd1abbed7617aafc4d729f9			10.7554/eLife.56922	https://doi.org/10.7554/eLife.56922	https://chip-atlas.dbcls.jp/data/dm6/eachData/bw/SRX7723701.bw	https://chip-atlas.dbcls.jp/data/dm6/eachData/bed05/SRX7723701.05.bed	7959	3850847	0.0279964	20.1028	0.366694	400	400		ChIP-Atlas dm6 BigWig plus MACS2 q<1e-5 BED; deterministic 400 merged-peak windows versus up to 400 length-matched shifted nonpeak windows; signal-fraction estimate uses sampled means and canonical-chromosome peak-union coverage; replicate Pearson uses log1p signal in 500 shared 5-kb windows. Proxy only: not formal FRiP/NSC/RSC.	2026-07-09	none with a closer biological match and comparable replication	Current H3K27ac_ids.csv run; ovary/germline relevant but not whole ovary; no matched input found in the study.
